,,OTU,Sample,Abundance,Scientifique,Region,Sexe,Kingdom,Phylum,Class,Order,Family,Genus
2059,3236,GTAGTCCACGCTGTAAACGCTGTCGATTTGGGGATTGGGCTTAAAGCTTGGTGCCCGTAGCTAACGTGATAAATCGACCGCCTGGGGAGTACGGCCGCAAGGTTAAAACTCAAATGAATTGACGGGGGCCCGCACAAGCGGTGGAGCATGTGGTTTAATTCGATGCAACGCGAAGAACCTTACCTACTCTTGACATCCATGGAATCCAGTAGAGATACGGGAGTGCCTTCGGGAACCATGAGACAGGTGCTGCATGGCTGTCGTCAGCTCGTGTTGTGAAATGTTGGGTTAAGTCCCG,3-L,0.176624011558578,Emmanuelle Marie Charpentier,Langue,M,Bacteria,Proteobacteria,Gammaproteobacteria,Pasteurellales,Pasteurellaceae,*Actinobacillus*
2060,1530,GTAGTCCACGCCGTAAACGATGAGTGCTAGGTGTTAGACCCTTTCCGGGGTTTAGTGCCGTAGCTAACGCATTAAGCACTCCGCCTGGGGAGTACGACCGCAAGGTTGAAACTCAAAGGAATTGACGGGGGCCCGCACAAGCGGTGGAGCATGTGGTTTAATTCGAAGCAACGCGAAGAACCTTACCAGGTCTTGACATCCCTCTGACCGCTCTAGAGATAGAGCTTTCCTTCGGGACAGAGGTGACAGGTGGTGCATGGTTGTCGTCAGCTCGTGTCGTGAGATGTTGGGTTAAGTCCCG,3-L,0.131440784165433,Emmanuelle Marie Charpentier,Langue,M,Bacteria,Firmicutes,Bacilli,Lactobacillales,Streptococcaceae,*Streptococcus*
2061,2666,GTAGTCCACGCCGTAAACGTTGGGCACTAGGTGTGGGGGGCCTTTTCCGGGTCTTCCGCGCCGTAGCTAACGCATTAAGTGCCCCGCCTGGGGAGTACGGCCGCAAGGCTAAAACTCAAAGGAATTGACGGGGGCCCGCACAAGCGGCGGAGCATGCGGATTAATTCGATGCAACGCGAAGAACCTTACCAAGGCTTGACATGTGCCGGTCGGCTCCGGAGACGGGGCTTCCTCCTTGTGGGGCCGGTTCACAGGTGGTGCATGGTTGTCGTCAGCTCGTGTCGTGAGATGTTGGGTTAAGTCCCG,3-L,0.128762730626706,Emmanuelle Marie Charpentier,Langue,M,Bacteria,Actinobacteriota,Actinobacteria,Actinomycetales,Actinomycetaceae,*Actinomyces*
2062,3250,GTAGTCCACGCTGTAAACGCTGTCGATTTGGGGATTGGGCTTTAAGCTTGGTGCCCGTAGCTAACGTGATAAATCGACCGCCTGGGGAGTACGGCCGCAAGGTTAAAACTCAAATGAATTGACGGGGGCCCGCACAAGCGGTGGAGCATGTGGTTTAATTCGATGCAACGCGAAGAACCTTACCTACTCTTGACATCCATGGAATCCTGTAGAGATACGGGAGTGCCTTCGGGAACCATGAGACAGGTGCTGCATGGCTGTCGTCAGCTCGTGTTGTGAAATGTTGGGTTAAGTCCCG,3-L,0.101244547280137,Emmanuelle Marie Charpentier,Langue,M,Bacteria,Proteobacteria,Gammaproteobacteria,Pasteurellales,Pasteurellaceae,Autres
2063,3535,GTAGTCCATGCCGTAAACGGTGGGCGCTAGGTGTGGGTTTCCTTCCACGGGATCCGTGCCGTAGCTAACGCATTAAGCGCCCCGCCTGGGGAGTACGGCCGCAAGGCTAAAACTCAAAGGAATTGACGGGGGCCCGCACAAGCGGCGGAGCATGTGGATTAATTCGATGCAACGCGAAGAACCTTACCTGGGCTTGACATGCACTGGATGCGGCCAGAGATGGTTGTTCCCTTTGTGGCTGGTGTGCAGGTGGTGCATGGTTGTCGTCAGCTCGTGTCGTGAGATGTTGGGTTAAGTCCCG,3-L,0.0661598354753715,Emmanuelle Marie Charpentier,Langue,M,Bacteria,Actinobacteriota,Actinobacteria,Corynebacteriales,Corynebacteriaceae,Autres
3088,3528,GTAGTCCATGCCGTAAACGGTGGGCGCTAGGTGTGGGTTTCCTTCCACGGGATCCGTGCCGTAGCTAACGCATTAAGCGCCCCGCCTGGGGAGTACGGCCGCAAGGCTAAAACTCAAAGGAATTGACGGGGGCCCGCACAAGCGGCGGAGCATGTGGATTAATTCGATGCAACGCGAAGAACCTTACCTGGGCTTGACATGCACTGGATGCGGCCAGAGATGGTTGTTCCCTTTGTGGCTGGTGTGCAGGTGGTGCATGGTTGTCGTCAGCTCGTGTCGTGAGATGTTGGGTTAAGTCCCG,3-M,0.150368804623636,Emmanuelle Marie Charpentier,Main,M,Bacteria,Actinobacteriota,Actinobacteria,Corynebacteriales,Corynebacteriaceae,*Corynebacterium*
3089,105,GTAGTCCACACCCTAAACGATGTACGTTGGCTTATGGCGGGATGCCGTCATGGGCGAAGCTAACGCGATAAACGTACCGCCTGGGAAGTACGGCCGCAAGGTTGAAACTCAAAGGAATTGACGGGGGCCCGCACAAGCGGTGGAGCATGTGGTTTAATTCGAAGCAACGCGAAGAACCTTACCAGGTCTTGACATCCCAAGAACCTTTGAGAGATCAGAGGGTGCCCTTCGGGGAACTTGGAGACAGGTGCTGCATGGCTGTCGTCAGCTCGTGTCGTGAGATGTTGGGTTAAGTCCCG,3-M,0.145774477517211,Emmanuelle Marie Charpentier,Main,M,Bacteria,Deinococcota,Deinococci,Deinococcales,Deinococcaceae,*Deinococcus*
3090,3412,GTAGTCCATGCCGTAAACGATGTCTACTAGCCGTTGGTCTCTTTGAGGGATTAGTGGCGCAGCTAACGCGATAAGTAGACCGCCTGGGGAGTACGGTCGCAAGACTAAAACTCAAATGAATTGACGGGGGCCCGCACAAGCGGTGGAGCATGTGGTTTAATTCGATGCAACGCGAAGAACCTTACCTGGTCTTGACATAGTAAGAACTTTCCAGAGATGGATTGGTGCCTTCGGGAACTTACATACAGGTGCTGCATGGCTGTCGTCAGCTCGTGTCGTGAGATGTTGGGTTAAGTCCCG,3-M,0.0490076042254204,Emmanuelle Marie Charpentier,Main,M,Bacteria,Proteobacteria,Gammaproteobacteria,Pseudomonadales,Moraxellaceae,*Acinetobacter*
3091,1914,GTAGTCCACGCCGTAAACGATGGATACTAGCTGTTTGGGGTATCGACCCCCTGAGTAGCGAAGCTAACGCGTTAAGTATCCCGCCTGTGGAGTACGATCGCAAGATTAAAACATAAAGGAATTGACGGGGACCCGCACAAGCGGTGGATCATGTTCTTTAATTCGATGATAACCGATAAACCTTACCAGGTCTTGACATCCTTGGAATCTTTCAGAAATGAGAGAGTGCTTTTTAAGAGCCAAGTGACAGGTGATGCATGGCCGTCGTCAGCTCGTGTCGTGAGATGTTTGGTTAAGTCCAT,3-M,0.0451840355649235,Emmanuelle Marie Charpentier,Main,M,Bacteria,Patescibacteria,Saccharimonadia,Saccharimonadales,Unclassified_Saccharimonadales,Autres
3092,3870,GTAGTCCATGCCGTAAACGTTGGGCACTAGGTGTGGGGTCCATTCCACGGATTCCGCGCCGTAGCTAACGCATTAAGTGCCCCGCCTGGGGAGTACGGCCGCAAGGCTAAAACTCAAAGGAATTGACGGGGGCCCGCACAAGCGGCGGAGCATGCGGATTAATTCGATGCAACGCGAAGAACCTTACCAAGGCTTGACATACACCGGAATGTGCCAGAGATGGTTCAGCCCTTTGGGCTGGTGTACAGGTGGTGCATGGTTGTCGTCAGCTCGTGTCGTGAGATGTTGGGTTAAGTCCCG,3-M,0.0369607735766928,Emmanuelle Marie Charpentier,Main,M,Bacteria,Actinobacteriota,Actinobacteria,Micrococcales,Brevibacteriaceae,Autres
